,index,fullName,player_id,game_id,season,goals_10,assists_10,shots_10,hits_10,blocks_10,es_toi_10,pp_toi_10,pp_goals_10,pp_assists_10,takeaways_10,giveaways_10,plus_minus_10,sh_goals_10,sh_assists_10,primaryPositionname
0,160,Will Butcher,8477355,196,2019,0.1,0.3,0.9,0.7,1.3,1043.8,45.1,0.0,0.0,0.0,0.1,-0.1,0.0,0.0,Defenseman
1,209,Oskar Lindblom,8478067,196,2019,0.5,0.2,2.0,1.2,0.2,779.5,140.6,0.1,0.1,0.5,0.4,-0.6,0.0,0.0,Left Wing
2,44,James van Riemsdyk,8474037,196,2019,0.3,0.3,4.4,0.5,0.2,828.5,180.9,0.1,0.0,0.2,0.5,0.2,0.0,0.0,Left Wing
3,202,Travis Sanheim,8477948,196,2019,0.0,0.4,1.6,0.5,0.5,1094.0,30.5,0.0,0.0,0.1,0.8,-0.2,0.0,0.0,Defenseman
4,26,Andy Greene,8472382,196,2019,0.1,0.2,1.0,0.6,2.3,948.9,9.6,0.0,0.0,0.6,0.8,0.1,0.0,0.0,Defenseman
5,55,Wayne Simmonds,8474190,196,2019,0.0,0.4,3.4,2.3,0.4,711.9,237.4,0.0,0.1,0.6,0.1,-0.2,0.0,0.0,Right Wing
6,148,Shayne Gostisbehere,8476906,196,2019,0.1,0.3,2.3,0.3,0.7,930.1,190.2,0.0,0.2,0.1,0.9,-0.2,0.0,0.0,Defenseman
7,128,Sean Couturier,8476461,196,2019,0.2,0.4,2.9,0.8,0.4,834.2,170.2,0.0,0.2,1.0,1.1,-0.5,0.0,0.0,Center
8,52,Jakub Voracek,8474161,196,2019,0.4,0.5,2.1,0.1,0.3,776.9,196.6,0.2,0.1,0.2,1.0,0.1,0.0,0.0,Right Wing
9,33,Claude Giroux,8473512,196,2019,0.2,0.5,3.6,0.9,0.4,894.1,198.4,0.0,0.3,0.5,0.5,0.5,0.0,0.0,Center
10,151,Damon Severson,8476923,196,2019,0.1,0.1,0.8,1.0,0.9,1044.7,45.2,0.0,0.0,0.3,0.4,-0.8,0.0,0.0,Defenseman
11,46,P.K. Subban,8474056,196,2019,0.1,0.3,2.4,1.1,0.7,1122.2,178.3,0.0,0.0,0.4,1.3,-0.3,0.0,0.0,Defenseman
12,165,Miles Wood,8477425,196,2019,0.1,0.1,2.0,1.7,0.1,705.3,31.4,0.0,0.0,0.1,0.3,-0.6,0.0,0.0,Left Wing
13,159,Michael Raffl,8477290,196,2019,0.2,0.2,1.3,1.2,0.6,633.6,9.1,0.0,0.0,0.5,0.6,-0.3,0.0,0.0,Left Wing
14,162,John Hayden,8477401,196,2019,0.0,0.0,0.9,1.5,0.3,571.9,1.4,0.0,0.0,0.3,0.1,0.0,0.0,0.0,Center
15,31,Chris Stewart,8473485,196,2019,0.1,0.2,0.8,2.6,0.2,549.7,4.4,0.0,0.0,0.3,0.1,-0.3,0.0,0.0,Right Wing
16,214,Pavel Zacha,8478401,196,2019,0.3,0.5,1.9,0.9,0.3,741.8,92.4,0.0,0.1,0.4,0.1,0.0,0.0,0.0,Center
17,21,Matt Niskanen,8471702,196,2019,0.2,0.3,1.9,1.5,1.2,995.9,129.8,0.1,0.3,0.6,0.7,0.1,0.0,0.0,Defenseman
18,16,Travis Zajac,8471233,196,2019,0.1,0.3,0.5,0.4,0.5,784.3,85.1,0.0,0.0,0.6,0.2,0.1,0.0,0.0,Center
19,85,Sami Vatanen,8475222,196,2019,0.3,0.3,1.6,1.2,1.8,1004.6,164.2,0.0,0.2,0.2,0.4,0.1,0.0,0.0,Defenseman
20,244,Nico Hischier,8480002,196,2019,0.0,0.5,1.8,0.6,0.3,803.2,139.7,0.0,0.0,0.6,0.3,-0.4,0.0,0.0,Center
21,76,Kyle Palmieri,8475151,196,2019,0.6,0.1,3.0,1.5,0.4,799.5,220.1,0.2,0.0,0.6,0.3,0.1,0.0,0.0,Right Wing
22,239,Jesper Bratt,8479407,196,2019,0.3,0.2,1.0,0.1,0.3,588.4,126.1,0.0,0.0,0.4,0.4,0.0,0.0,0.0,Left Wing
23,101,Kevin Hayes,8475763,196,2019,0.4,0.3,3.1,1.3,0.2,870.9,109.9,0.1,0.0,0.7,0.4,-0.3,0.1,0.0,Center
24,228,Ivan Provorov,8478500,196,2019,0.2,0.4,1.6,0.9,1.2,1117.4,163.5,0.1,0.2,0.1,0.9,0.1,0.0,0.0,Defenseman
25,233,Kevin Rooney,8479291,196,2019,0.0,0.1,1.2,0.8,0.5,632.9,2.2,0.0,0.0,0.4,0.2,0.1,0.0,0.0,Center
26,106,Taylor Hall,8475791,196,2019,0.1,0.8,3.7,0.9,0.3,924.7,242.1,0.0,0.3,0.3,0.9,-0.2,0.0,0.0,Left Wing
27,118,Blake Coleman,8476399,196,2019,0.3,0.1,2.1,2.8,0.7,768.6,2.4,0.0,0.0,0.7,0.2,0.0,0.0,0.0,Center
28,220,Travis Konecny,8478439,196,2019,0.4,0.6,1.9,0.9,0.3,833.1,174.2,0.2,0.3,0.4,0.8,-0.6,0.0,0.0,Right Wing
29,42,Justin Braun,8474027,196,2019,0.0,0.3,1.3,0.9,1.1,916.3,5.2,0.0,0.0,0.4,0.6,-0.6,0.0,0.0,Defenseman
30,121,Scott Mayfield,8476429,197,2019,0.1,0.1,2.0,1.2,1.5,989.4,2.0,0.0,0.0,0.2,1.2,-0.2,0.0,0.0,Defenseman
31,135,Yanni Gourde,8476826,197,2019,0.1,0.2,1.6,0.8,0.5,785.1,61.8,0.0,0.1,0.6,0.2,0.0,0.0,0.0,Center
32,51,Ryan McDonagh,8474151,197,2019,0.0,0.4,0.9,1.1,1.9,1103.8,7.7,0.0,0.0,0.8,0.7,-0.2,0.0,0.0,Defenseman
33,73,Tyler Johnson,8474870,197,2019,0.4,0.5,2.1,1.8,0.2,808.8,104.2,0.0,0.2,0.4,0.3,0.3,0.0,0.0,Center
34,59,Luke Schenn,8474568,197,2019,0.0,0.1,1.2,5.2,2.1,853.8,0.0,0.0,0.0,0.3,0.3,-0.5,0.0,0.0,Defenseman
35,116,Ondrej Palat,8476292,197,2019,0.4,0.3,2.2,1.9,1.0,842.5,70.8,0.0,0.1,0.4,0.6,0.4,0.0,0.0,Left Wing
36,156,Cedric Paquette,8476975,197,2019,0.2,0.0,1.0,3.1,0.7,618.2,4.0,0.0,0.0,0.5,0.0,0.1,0.0,0.0,Center
37,91,Anders Lee,8475314,197,2019,0.4,0.2,1.7,1.8,0.5,1037.1,59.7,0.0,0.0,0.4,0.8,0.5,0.0,0.0,Left Wing
38,60,Josh Bailey,8474573,197,2019,0.4,0.5,1.2,0.5,0.6,906.4,81.1,0.1,0.2,1.0,0.8,-0.1,0.0,0.0,Right Wing
39,86,Casey Cizikas,8475231,197,2019,0.0,0.3,1.4,2.7,1.2,757.8,6.1,0.0,0.0,0.7,1.4,0.4,0.0,0.0,Center
40,57,Steven Stamkos,8474564,197,2019,0.4,0.7,3.0,1.1,0.5,937.3,170.3,0.3,0.1,0.6,0.6,-0.4,0.0,0.0,Center
41,100,Brock Nelson,8475754,197,2019,0.4,0.6,3.1,0.8,0.9,944.8,81.7,0.1,0.1,0.0,0.2,0.0,0.0,0.0,Center
42,150,Adam Pelech,8476917,197,2019,0.0,0.2,1.5,2.7,2.8,1120.3,2.9,0.0,0.0,0.6,1.3,0.1,0.0,0.0,Defenseman
43,126,Nikita Kucherov,8476453,197,2019,0.3,0.6,2.5,0.8,0.3,979.4,163.4,0.1,0.2,0.4,1.7,0.0,0.0,0.0,Right Wing
44,83,Nick Leddy,8475181,197,2019,0.2,0.3,1.4,1.0,1.5,1097.7,53.5,0.1,0.0,0.4,0.8,0.5,0.0,0.0,Defenseman
45,218,Erik Cernak,8478416,197,2019,0.0,0.0,1.4,3.4,1.7,986.9,9.0,0.0,0.0,0.1,0.4,0.0,0.0,0.0,Defenseman
46,229,Anthony Cirelli,8478519,197,2019,0.1,0.4,1.6,1.3,0.9,881.8,13.0,0.0,0.2,0.7,0.7,0.2,0.0,0.0,Center
47,43,Kevin Shattenkirk,8474031,197,2019,0.3,0.4,2.0,0.9,0.9,1073.5,77.1,0.1,0.1,0.3,0.1,0.3,0.0,0.0,Defenseman
48,208,Devon Toews,8478038,197,2019,0.1,0.6,1.1,0.7,1.6,1049.6,78.6,0.0,0.2,0.7,1.2,0.0,0.0,0.0,Defenseman
49,206,Brayden Point,8478010,197,2019,0.4,0.6,2.3,0.7,0.4,963.0,144.8,0.0,0.1,0.3,0.4,-0.1,0.0,0.0,Center
50,6,Johnny Boychuk,8470187,197,2019,0.1,0.5,1.8,2.2,2.2,996.1,9.2,0.1,0.0,0.2,1.1,0.3,0.0,0.0,Defenseman
51,194,Michael Dal Colle,8477936,197,2019,0.1,0.1,0.6,0.4,0.5,723.2,4.7,0.0,0.0,0.3,0.4,-0.1,0.0,0.0,Left Wing
52,226,Anthony Beauvillier,8478463,197,2019,0.2,0.3,1.7,1.2,0.6,890.1,78.9,0.0,0.1,0.4,0.5,0.3,0.1,0.0,Left Wing
53,240,Mikhail Sergachev,8479410,197,2019,0.0,0.5,1.8,1.3,1.5,1013.9,102.7,0.0,0.1,0.1,1.1,0.5,0.0,0.0,Defenseman
54,222,Mathew Barzal,8478445,197,2019,0.5,0.4,2.7,0.1,0.7,1087.6,70.4,0.1,0.0,1.1,1.8,0.8,0.0,0.0,Center
55,32,Cal Clutterbuck,8473504,197,2019,0.0,0.2,0.9,2.9,1.5,670.0,2.3,0.0,0.0,0.1,0.6,0.5,0.0,0.0,Right Wing
56,187,Ross Johnston,8477527,197,2019,0.2,0.0,1.1,3.6,0.1,482.2,1.1,0.0,0.0,0.1,0.3,0.2,0.0,0.0,Left Wing
57,35,Derick Brassard,8473544,197,2019,0.3,0.1,1.6,1.5,0.6,838.0,63.3,0.0,0.0,0.6,1.1,-0.4,0.0,0.0,Center
58,184,Ryan Pulock,8477506,197,2019,0.1,0.2,1.8,1.8,2.5,1100.4,60.3,0.0,0.0,0.1,1.4,0.2,0.0,0.0,Defenseman
59,251,Jan Rutta,8480172,197,2019,0.0,0.1,1.4,0.7,0.7,871.1,0.7,0.0,0.0,0.0,0.3,0.0,0.0,0.0,Defenseman
60,39,Alex Killorn,8473986,197,2019,0.2,0.2,2.0,0.8,0.1,827.6,71.5,0.1,0.0,0.6,0.4,0.2,0.0,0.0,Left Wing
61,92,Nick Jensen,8475324,198,2019,0.0,0.1,0.6,0.9,1.4,852.3,1.7,0.0,0.0,0.4,0.6,-0.7,0.0,0.0,Defenseman
62,243,Michal Kempny,8479482,198,2019,0.3,0.4,1.4,0.7,1.1,936.6,2.5,0.0,0.0,0.1,0.8,0.6,0.0,0.0,Defenseman
63,97,Evgeny Kuznetsov,8475744,198,2019,0.4,0.4,2.5,0.4,0.3,792.2,200.6,0.1,0.2,0.7,0.7,0.0,0.0,0.0,Center
64,230,Evan Rodrigues,8478542,198,2019,0.0,0.2,1.7,0.4,0.3,622.8,49.0,0.0,0.0,0.2,0.6,0.3,0.0,0.0,Center
65,247,Henri Jokiharju,8480035,198,2019,0.0,0.4,1.4,1.2,1.2,904.8,10.2,0.0,0.0,0.1,0.5,0.4,0.0,0.0,Defenseman
66,104,Jeff Skinner,8475784,198,2019,0.5,0.2,4.0,0.2,0.2,864.0,247.9,0.0,0.2,0.5,0.6,0.1,0.0,0.0,Left Wing
67,94,Radko Gudas,8475462,198,2019,0.0,0.2,1.3,3.2,2.5,862.9,2.6,0.0,0.0,0.2,0.2,0.9,0.0,0.0,Defenseman
68,96,Johan Larsson,8475728,198,2019,0.1,0.1,1.1,1.7,0.7,696.8,2.1,0.0,0.0,0.1,0.5,-0.4,0.0,0.0,Center
69,84,Dmitry Orlov,8475200,198,2019,0.0,0.5,1.1,1.7,1.6,1149.4,81.0,0.0,0.1,0.9,0.6,-0.8,0.0,0.0,Defenseman
70,215,Jack Eichel,8478403,198,2019,0.6,0.8,3.5,0.5,0.9,953.2,270.1,0.3,0.3,1.0,1.1,-0.1,0.0,0.0,Center
71,213,Jonas Siegenthaler,8478399,198,2019,0.0,0.1,0.7,0.9,2.0,862.5,0.2,0.0,0.0,0.2,0.5,0.4,0.0,0.0,Defenseman
72,138,Zemgus Girgensons,8476878,198,2019,0.1,0.2,1.1,1.0,0.1,655.6,2.1,0.0,0.0,0.0,0.4,-0.4,0.0,0.0,Center
73,199,Jakub Vrana,8477944,198,2019,0.2,0.4,2.4,0.2,0.2,653.7,103.2,0.0,0.3,0.2,0.1,-0.3,0.0,0.0,Left Wing
74,139,Tom Wilson,8476880,198,2019,0.4,0.2,2.1,3.3,1.2,802.3,106.6,0.1,0.1,0.6,0.4,0.0,0.1,0.0,Right Wing
75,144,Brendan Leipsic,8476894,198,2019,0.0,0.2,0.8,0.7,0.3,506.7,46.3,0.0,0.1,0.0,0.6,-0.1,0.0,0.0,Left Wing
76,193,Sam Reinhart,8477933,198,2019,0.3,0.4,2.2,0.4,0.4,930.2,262.6,0.1,0.3,0.4,0.5,-0.1,0.0,0.0,Center
77,147,Chandler Stephenson,8476905,198,2019,0.1,0.1,1.0,0.2,0.3,600.5,2.8,0.0,0.0,0.6,0.2,0.2,0.0,0.1,Center
78,190,Garnet Hathaway,8477903,198,2019,0.1,0.4,1.3,3.4,0.7,656.2,0.2,0.0,0.0,0.1,0.2,0.4,0.0,0.1,Right Wing
79,188,Conor Sheary,8477839,198,2019,0.4,0.1,1.4,0.5,0.2,629.4,94.7,0.1,0.1,0.2,0.2,0.3,0.0,0.0,Left Wing
80,152,Jake McCabe,8476931,198,2019,0.1,0.2,0.9,2.2,2.4,1070.1,3.0,0.0,0.0,0.3,0.2,-0.1,0.0,0.0,Defenseman
81,179,Rasmus Ristolainen,8477499,198,2019,0.0,0.4,1.5,3.1,1.4,1185.5,97.5,0.0,0.1,0.5,0.8,0.0,0.0,0.0,Defenseman
82,117,Travis Boyd,8476329,198,2019,0.1,0.1,0.5,0.0,0.2,474.7,14.2,0.0,0.0,0.4,0.1,0.2,0.0,0.0,Center
83,133,Colin Miller,8476525,198,2019,0.0,0.2,1.7,2.1,1.1,983.7,135.5,0.0,0.1,0.2,0.8,-0.1,0.0,0.0,Defenseman
84,253,Rasmus Dahlin,8480839,198,2019,0.0,0.5,1.8,0.4,0.7,902.4,260.2,0.0,0.4,0.0,0.8,-0.6,0.0,0.0,Defenseman
85,37,Nicklas Backstrom,8473563,198,2019,0.1,0.8,1.9,0.5,0.9,957.2,221.2,0.0,0.5,0.6,0.9,-0.2,0.0,0.0,Center
86,53,Carl Hagelin,8474176,198,2019,0.0,0.5,1.4,0.6,0.2,668.9,0.0,0.0,0.0,0.4,0.2,0.2,0.0,0.1,Left Wing
87,13,Alex Ovechkin,8471214,198,2019,1.0,0.6,5.0,2.7,0.4,973.9,274.0,0.4,0.2,0.9,0.6,-0.2,0.0,0.0,Left Wing
88,30,Kyle Okposo,8473449,198,2019,0.0,0.4,1.2,1.3,0.2,660.0,25.6,0.0,0.0,0.2,0.6,0.0,0.0,0.0,Right Wing
89,66,John Carlson,8474590,198,2019,0.6,1.2,2.6,0.7,2.0,1188.0,244.1,0.2,0.4,0.3,1.3,0.5,0.0,0.0,Defenseman
90,54,Lars Eller,8474189,198,2019,0.4,0.3,2.1,0.4,0.7,732.1,100.2,0.0,0.0,0.3,0.4,0.3,0.1,0.0,Center
91,19,T.J. Oshie,8471698,198,2019,0.5,0.3,1.4,1.0,1.4,912.9,228.5,0.3,0.0,1.0,0.5,-0.2,0.0,0.0,Right Wing
92,75,Marcus Johansson,8475149,198,2019,0.3,0.4,0.7,0.7,0.4,850.9,139.7,0.0,0.0,0.4,0.3,0.4,0.0,0.0,Left Wing
93,24,Vladimir Sobotka,8471743,198,2019,0.1,0.2,1.4,1.6,0.4,802.4,0.5,0.0,0.0,0.3,0.2,0.3,0.0,0.0,Center
94,115,Ryan Dzingel,8476288,199,2019,0.3,0.4,1.7,0.5,0.4,739.9,166.6,0.1,0.1,0.1,0.1,0.3,0.0,0.0,Center
95,219,Sebastian Aho,8478427,199,2019,0.3,0.3,2.7,0.4,0.4,952.4,119.1,0.0,0.1,0.9,0.8,0.3,0.1,0.0,Center
96,123,Joel Edmundson,8476441,199,2019,0.0,0.0,1.0,2.1,2.1,896.6,0.6,0.0,0.0,0.3,0.5,-0.1,0.0,0.0,Defenseman
97,17,Mike Green,8471242,199,2019,0.1,0.1,1.8,0.6,2.3,1139.7,130.8,0.0,0.1,0.1,1.0,-0.4,0.0,0.0,Defenseman
98,153,Brock McGinn,8476934,199,2019,0.0,0.3,1.3,1.3,0.3,707.7,5.6,0.0,0.0,0.5,0.1,0.1,0.0,0.0,Left Wing
99,252,Andrei Svechnikov,8480830,199,2019,0.5,0.5,3.2,1.4,0.1,804.6,169.0,0.2,0.2,0.4,0.9,0.3,0.0,0.0,Right Wing
100,64,Jake Gardiner,8474581,199,2019,0.0,0.2,0.9,0.8,1.0,933.4,103.5,0.0,0.0,0.5,0.9,-0.3,0.0,0.0,Defenseman
101,129,Dougie Hamilton,8476462,199,2019,0.6,0.5,3.0,1.5,1.4,1115.9,178.8,0.1,0.4,0.3,1.3,0.9,0.0,0.0,Defenseman
102,174,Tyler Bertuzzi,8477479,199,2019,0.3,0.5,2.2,1.3,0.3,934.4,186.9,0.0,0.2,0.1,0.9,-0.5,0.0,0.0,Left Wing
103,207,Lucas Wallmark,8478027,199,2019,0.0,0.2,1.3,0.3,0.7,597.9,10.9,0.0,0.0,0.3,0.1,0.0,0.0,0.0,Center
104,23,Justin Abdelkader,8471716,199,2019,0.0,0.3,1.1,1.2,0.6,626.6,47.7,0.0,0.0,0.3,0.3,0.2,0.0,0.0,Left Wing
105,205,Warren Foegele,8477998,199,2019,0.0,0.2,1.5,2.4,0.1,670.7,7.6,0.0,0.0,0.9,0.1,0.0,0.0,0.0,Left Wing
106,25,Darren Helm,8471794,199,2019,0.4,0.1,2.0,1.0,0.5,775.1,2.3,0.0,0.0,0.4,0.2,0.5,0.0,0.0,Left Wing
107,141,Teuvo Teravainen,8476882,199,2019,0.2,0.6,1.9,0.2,0.8,864.5,177.5,0.0,0.4,0.4,0.8,0.3,0.0,0.1,Left Wing
108,198,Brendan Perlini,8477943,199,2019,0.1,0.0,1.6,0.8,0.5,636.5,0.0,0.0,0.0,0.0,0.1,-0.1,0.0,0.0,Left Wing
109,154,Jaccob Slavin,8476958,199,2019,0.1,0.5,2.1,0.9,2.4,1170.8,11.7,0.0,0.0,0.5,0.9,1.0,0.0,0.0,Defenseman
110,200,Dylan Larkin,8477946,199,2019,0.3,0.3,3.6,0.5,0.8,987.7,185.4,0.1,0.0,0.1,1.2,-0.4,0.0,0.0,Center
111,108,Nino Niederreiter,8475799,199,2019,0.1,0.4,2.1,1.0,0.2,853.1,100.6,0.0,0.1,0.6,0.5,-0.1,0.0,0.0,Right Wing
112,98,Patrik Nemeth,8475747,199,2019,0.1,0.2,2.2,1.0,1.5,1054.7,2.4,0.0,0.0,0.1,0.5,0.1,0.0,0.0,Defenseman
113,155,Andreas Athanasiou,8476960,199,2019,0.0,0.2,2.3,0.2,0.4,828.7,141.8,0.0,0.1,0.3,0.8,-1.1,0.0,0.0,Left Wing
114,241,Filip Hronek,8479425,199,2019,0.2,0.2,2.4,1.4,1.3,1039.7,167.2,0.1,0.1,0.2,1.2,-0.4,0.0,0.0,Defenseman
115,170,Adam Erne,8477454,199,2019,0.0,0.0,1.2,2.5,0.4,623.9,76.3,0.0,0.0,0.1,0.7,-0.3,0.0,0.0,Left Wing
116,2,Valtteri Filppula,8470047,199,2019,0.1,0.2,1.3,0.4,0.4,770.8,113.2,0.0,0.0,0.0,0.8,-0.4,0.0,0.0,Center
117,4,Frans Nielsen,8470144,199,2019,0.0,0.0,1.4,1.0,0.5,640.5,54.4,0.0,0.0,0.2,0.1,-0.2,0.0,0.0,Center
118,186,Anthony Mantha,8477511,199,2019,0.2,0.3,3.5,1.5,0.4,955.2,174.6,0.2,0.0,1.0,1.0,-0.6,0.0,0.0,Right Wing
119,189,Trevor van Riemsdyk,8477845,199,2019,0.0,0.0,0.7,1.1,1.0,816.0,0.6,0.0,0.0,0.6,0.4,-0.3,0.0,0.0,Defenseman
120,90,Erik Haula,8475287,199,2019,0.5,0.2,2.4,0.3,0.3,714.8,174.7,0.2,0.1,0.2,0.7,0.2,0.0,0.0,Left Wing
121,171,Jacob de la Rose,8477455,199,2019,0.1,0.3,0.8,2.1,0.6,639.6,1.0,0.0,0.0,0.4,0.3,0.3,0.0,0.0,Left Wing
122,249,Martin Necas,8480039,199,2019,0.1,0.4,0.9,0.2,0.5,707.5,100.7,0.0,0.0,0.2,0.7,0.0,0.0,0.0,Center
123,176,Brett Pesce,8477488,199,2019,0.2,0.1,2.4,0.5,1.5,1082.2,9.4,0.0,0.0,0.7,0.5,-0.1,0.0,0.0,Defenseman
124,173,Madison Bowey,8477474,199,2019,0.0,0.2,0.5,1.0,1.1,814.3,0.1,0.0,0.0,0.1,0.9,-0.4,0.0,0.0,Defenseman
125,34,Jordan Staal,8473533,199,2019,0.2,0.3,1.9,2.2,0.5,877.5,107.3,0.1,0.0,0.8,1.0,0.2,0.0,0.0,Center
126,3,Trevor Daley,8470110,199,2019,0.0,0.0,0.9,0.1,1.0,824.8,0.5,0.0,0.0,0.2,0.5,0.0,0.0,0.0,Defenseman
127,143,Colton Parayko,8476892,200,2019,0.0,0.5,1.9,1.4,1.7,1175.8,55.5,0.0,0.2,0.5,0.6,-0.4,0.0,0.0,Defenseman
128,183,Alexander Wennberg,8477505,200,2019,0.2,0.3,1.1,0.3,0.5,839.9,209.5,0.1,0.1,0.6,0.3,-0.2,0.0,0.0,Center
129,145,Oskar Sundqvist,8476897,200,2019,0.1,0.1,0.9,1.4,0.4,704.2,12.5,0.0,0.0,0.2,0.3,-0.3,0.0,0.0,Center
130,28,Nick Foligno,8473422,200,2019,0.1,0.3,1.6,2.4,0.8,916.7,103.6,0.1,0.0,1.5,1.0,0.0,0.0,0.1,Left Wing
131,164,Oliver Bjorkstrand,8477416,200,2019,0.2,0.0,2.5,0.9,0.8,905.5,106.3,0.0,0.0,0.8,0.4,-0.3,0.0,0.0,Right Wing
132,157,Josh Anderson,8476981,200,2019,0.2,0.2,1.9,2.1,0.6,807.8,90.4,0.0,0.1,0.1,0.0,-0.1,0.0,0.0,Right Wing
133,47,Riley Nash,8474062,200,2019,0.1,0.2,0.9,0.9,0.5,581.5,2.7,0.0,0.0,0.4,0.1,0.0,0.1,0.0,Center
134,149,Mackenzie MacEachern,8476907,200,2019,0.0,0.0,0.5,1.6,0.3,476.3,0.0,0.0,0.0,0.3,0.1,-0.4,0.0,0.0,Left Wing
135,50,Carl Gunnarsson,8474125,200,2019,0.0,0.2,0.8,0.4,1.4,878.7,0.6,0.0,0.0,0.0,0.7,-0.2,0.0,0.0,Defenseman
136,49,David Perron,8474102,200,2019,0.5,0.5,2.3,1.2,0.1,869.9,185.4,0.1,0.3,0.4,0.2,-0.1,0.0,0.0,Left Wing
137,178,Seth Jones,8477495,200,2019,0.1,0.6,2.5,0.9,1.8,1135.6,199.2,0.0,0.1,0.2,0.8,0.0,0.0,0.0,Defenseman
138,211,Sammy Blais,8478104,200,2019,0.3,0.2,1.3,3.5,0.5,744.8,76.4,0.0,0.0,0.4,1.0,0.1,0.0,0.0,Left Wing
139,175,Zach Sanford,8477482,200,2019,0.1,0.1,0.8,2.1,0.5,604.9,0.0,0.0,0.0,0.5,0.1,0.2,0.0,0.0,Left Wing
140,201,Sonny Milano,8477947,200,2019,0.2,0.3,1.2,0.9,0.0,538.0,26.7,0.0,0.0,0.2,0.2,-0.1,0.0,0.0,Left Wing
141,7,Alexander Steen,8470257,200,2019,0.0,0.4,1.3,0.4,1.4,672.8,4.1,0.0,0.0,0.6,0.3,-0.2,0.0,0.0,Left Wing
142,238,Pierre-Luc Dubois,8479400,200,2019,0.5,0.3,3.0,1.6,0.8,932.3,211.4,0.0,0.2,0.3,0.5,0.0,0.0,0.0,Center
143,71,Cam Atkinson,8474715,200,2019,0.2,0.3,3.9,0.5,0.7,869.2,185.4,0.1,0.1,0.8,0.5,0.0,0.0,0.0,Right Wing
144,58,Alex Pietrangelo,8474565,200,2019,0.3,0.4,2.8,0.4,1.4,1061.5,202.1,0.1,0.1,0.6,0.7,-0.2,0.0,0.0,Defenseman
145,99,Justin Faulk,8475753,200,2019,0.0,0.3,2.1,1.0,0.7,1074.4,147.8,0.0,0.0,0.6,0.7,-0.5,0.0,0.0,Defenseman
146,231,Dean Kukan,8478567,200,2019,0.0,0.3,1.4,0.8,0.6,873.8,4.9,0.0,0.0,0.4,0.1,0.6,0.0,0.0,Defenseman
147,74,Tyler Bozak,8475098,200,2019,0.0,0.4,1.7,1.0,0.5,695.9,149.8,0.0,0.0,0.6,0.5,-0.2,0.0,0.0,Center
148,77,Ryan O'Reilly,8475158,200,2019,0.3,0.7,1.7,0.8,0.7,877.8,184.4,0.1,0.3,0.8,0.3,-0.2,0.0,0.0,Center
149,103,Jaden Schwartz,8475768,200,2019,0.1,0.7,2.2,0.3,0.4,881.4,172.9,0.0,0.3,0.9,0.4,-0.1,0.0,0.0,Left Wing
150,5,Jay Bouwmeester,8470151,200,2019,0.1,0.2,0.9,0.5,1.5,1089.1,1.0,0.0,0.0,0.2,0.8,-0.2,0.0,0.0,Defenseman
151,246,Robert Thomas,8480023,200,2019,0.1,0.1,1.1,0.0,0.1,696.5,64.5,0.0,0.0,0.5,0.2,-0.5,0.0,0.0,Center
152,68,Gustav Nyquist,8474679,200,2019,0.1,0.4,2.7,0.9,0.4,865.5,203.1,0.0,0.0,0.6,1.4,-0.1,0.0,0.0,Center
153,216,Vince Dunn,8478407,200,2019,0.2,0.2,2.4,0.5,0.6,816.4,144.4,0.2,0.2,0.2,0.3,0.5,0.0,0.0,Defenseman
154,122,Boone Jenner,8476432,200,2019,0.3,0.1,2.2,1.6,0.7,763.0,6.7,0.0,0.0,0.3,0.2,-0.3,0.0,0.0,Center
155,125,Scott Harrington,8476449,200,2019,0.0,0.0,0.8,1.5,1.9,820.8,0.0,0.0,0.0,0.5,0.4,-0.1,0.0,0.0,Defenseman
156,87,David Savard,8475233,200,2019,0.0,0.2,0.8,1.7,1.7,1019.6,2.2,0.0,0.0,0.1,0.7,0.0,0.0,0.0,Defenseman
157,80,Brayden Schenn,8475170,200,2019,0.7,0.4,2.0,2.0,0.2,892.8,181.0,0.3,0.2,0.1,1.1,0.2,0.0,0.0,Center
158,203,Ivan Barbashev,8477964,200,2019,0.0,0.1,0.9,1.6,0.5,659.5,5.9,0.0,0.0,0.6,0.7,-0.2,0.0,0.0,Center
159,225,Zach Werenski,8478460,200,2019,0.2,0.3,2.3,0.8,1.3,1092.5,186.2,0.1,0.1,0.6,1.0,-0.2,0.0,0.0,Defenseman
160,248,Miro Heiskanen,8480036,201,2019,0.2,0.4,2.0,0.3,1.4,1214.5,138.6,0.0,0.0,0.5,1.5,0.4,0.0,0.0,Defenseman
161,181,Valeri Nichushkin,8477501,201,2019,0.0,0.1,1.2,1.1,0.3,510.6,58.5,0.0,0.0,0.4,0.2,0.2,0.0,0.0,Right Wing
162,177,Nathan MacKinnon,8477492,201,2019,0.7,0.7,3.8,0.9,0.1,1039.3,221.7,0.3,0.2,0.5,0.9,-0.1,0.0,0.0,Center
163,237,Samuel Girard,8479398,201,2019,0.0,0.5,1.1,0.8,1.5,1191.2,153.4,0.0,0.1,0.5,0.6,0.0,0.0,0.0,Defenseman
164,29,Erik Johnson,8473446,201,2019,0.1,0.0,2.2,1.7,1.5,1161.2,8.6,0.0,0.0,0.8,0.2,-0.2,0.0,0.0,Defenseman
165,236,Tyson Jost,8479370,201,2019,0.4,0.1,1.7,0.4,0.2,669.6,100.2,0.0,0.0,0.9,0.2,0.2,0.0,0.0,Center
166,10,Corey Perry,8470621,201,2019,0.2,0.2,1.2,1.1,0.4,782.1,95.8,0.0,0.1,0.2,0.3,-0.2,0.0,0.0,Right Wing
167,227,Denis Gurianov,8478495,201,2019,0.2,0.1,2.1,1.3,0.0,604.5,68.6,0.0,0.1,0.3,0.4,0.2,0.0,0.0,Right Wing
168,192,Pierre-Edouard Bellemare,8477930,201,2019,0.2,0.4,0.9,0.5,0.6,604.1,3.2,0.0,0.0,0.7,0.1,0.1,0.0,0.1,Center
169,12,Joe Pavelski,8470794,201,2019,0.3,0.2,1.8,0.7,0.4,884.7,192.3,0.1,0.1,0.5,0.6,-0.2,0.0,0.0,Center
170,223,Roope Hintz,8478449,201,2019,0.3,0.1,1.8,1.0,0.3,812.9,131.5,0.1,0.1,0.2,0.8,-0.4,0.0,0.0,Left Wing
171,15,Alexander Radulov,8471228,201,2019,0.3,0.3,3.1,0.6,0.5,874.6,170.6,0.0,0.1,0.3,0.8,0.3,0.0,0.0,Right Wing
172,20,Andrew Cogliano,8471699,201,2019,0.0,0.1,0.8,1.5,0.3,543.6,2.8,0.0,0.0,0.1,0.3,0.1,0.0,0.0,Center
173,204,Vladislav Kamenev,8477973,201,2019,0.1,0.2,1.5,0.5,0.1,467.2,48.1,0.1,0.0,0.0,0.2,-0.1,0.0,0.0,Center
174,185,Nikita Zadorov,8477507,201,2019,0.1,0.1,1.4,3.0,1.3,960.7,3.3,0.0,0.0,0.7,1.0,0.2,0.0,0.0,Defenseman
175,81,Nazem Kadri,8475172,201,2019,0.5,0.3,2.3,1.4,0.1,815.0,215.0,0.2,0.1,0.5,0.7,0.3,0.0,0.0,Center
176,169,Jason Dickinson,8477450,201,2019,0.0,0.0,1.0,1.9,0.8,726.1,2.2,0.0,0.0,0.6,0.5,-0.3,0.0,0.0,Center
177,124,Matt Nieto,8476442,201,2019,0.3,0.2,1.8,0.7,0.2,632.0,1.9,0.0,0.0,0.7,0.1,0.2,0.0,0.0,Left Wing
178,146,Esa Lindell,8476902,201,2019,0.1,0.0,1.2,1.0,1.9,1021.0,103.8,0.1,0.0,0.1,1.0,-0.3,0.0,0.0,Defenseman
179,107,Tyler Seguin,8475794,201,2019,0.1,0.5,3.1,1.4,0.3,992.9,186.1,0.0,0.1,0.4,0.8,0.0,0.0,0.0,Center
180,142,Radek Faksa,8476889,201,2019,0.2,0.1,1.5,1.7,0.7,800.7,59.3,0.0,0.0,0.3,0.5,-0.1,0.0,0.0,Center
181,130,Jamie Oleksiak,8476467,201,2019,0.0,0.2,0.5,1.0,0.7,775.5,1.5,0.0,0.0,0.2,0.8,0.0,0.0,0.0,Defenseman
182,41,Ian Cole,8474013,201,2019,0.0,0.7,1.3,1.4,2.1,945.8,2.1,0.0,0.0,0.2,0.3,0.9,0.0,0.0,Defenseman
183,163,Mattias Janmark,8477406,201,2019,0.0,0.2,1.0,0.3,0.5,816.8,0.7,0.0,0.0,0.2,0.6,0.0,0.0,0.0,Center
184,40,Jamie Benn,8473994,201,2019,0.1,0.4,2.5,2.3,0.7,822.1,170.7,0.1,0.1,0.8,0.5,-0.1,0.0,0.0,Left Wing
185,114,Taylor Fedun,8476166,201,2019,0.0,0.5,1.4,0.6,0.8,798.0,2.6,0.0,0.0,0.2,0.7,0.5,0.0,0.0,Defenseman
186,70,Matt Calvert,8474685,201,2019,0.3,0.3,1.5,1.3,0.1,641.0,1.9,0.0,0.0,0.7,0.0,0.2,0.1,0.0,Left Wing
187,113,John Klingberg,8475906,201,2019,0.1,0.2,2.2,0.9,1.0,1229.2,176.3,0.0,0.1,0.2,1.5,-0.6,0.0,0.0,Defenseman
188,109,Joonas Donskoi,8475820,201,2019,0.3,0.3,1.4,0.4,0.5,780.9,104.9,0.1,0.0,0.5,0.3,0.0,0.0,0.0,Right Wing
189,167,Ryan Graves,8477435,201,2019,0.1,0.0,1.0,1.4,1.8,813.6,4.8,0.0,0.0,0.2,0.3,0.4,0.0,0.0,Defenseman
190,168,Andre Burakovsky,8477444,201,2019,0.4,0.4,2.2,0.4,0.6,772.2,97.7,0.0,0.1,0.7,0.7,0.1,0.0,0.0,Left Wing
191,172,J.T. Compher,8477456,201,2019,0.1,0.5,1.3,0.8,0.5,683.2,165.0,0.0,0.1,0.5,0.2,0.5,0.0,0.0,Left Wing
192,18,Alexander Edler,8471303,202,2019,0.2,0.6,2.5,1.9,2.8,1068.3,162.5,0.1,0.2,0.4,0.6,0.5,0.0,0.0,Defenseman
193,105,Erik Gudbranson,8475790,202,2019,0.0,0.0,0.6,2.0,0.9,899.5,0.9,0.0,0.0,0.0,0.5,0.4,0.0,0.0,Defenseman
194,69,Derek Grant,8474683,202,2019,0.1,0.2,1.5,0.1,0.7,608.9,2.2,0.0,0.0,0.0,0.4,-0.5,0.0,0.0,Center
195,131,J.T. Miller,8476468,202,2019,0.6,0.7,3.1,1.7,0.6,835.3,282.4,0.2,0.2,0.6,0.5,0.8,0.0,0.0,Center
196,120,Josh Leivo,8476410,202,2019,0.2,0.4,2.3,0.5,0.1,784.7,110.8,0.0,0.0,0.3,0.4,0.3,0.0,0.0,Left Wing
197,235,Max Jones,8479368,202,2019,0.0,0.0,1.9,1.0,0.0,729.5,24.6,0.0,0.0,0.4,1.0,-0.1,0.0,0.0,Left Wing
198,132,Rickard Rakell,8476483,202,2019,0.2,0.5,2.1,0.9,0.2,860.2,132.9,0.0,0.0,0.5,0.6,0.7,0.0,0.2,Left Wing
199,234,Sam Steel,8479351,202,2019,0.0,0.3,0.9,0.3,0.4,774.9,99.1,0.0,0.2,0.4,0.6,-0.5,0.0,0.0,Center
200,8,Ryan Getzlaf,8470612,202,2019,0.5,0.2,2.9,1.7,1.1,896.3,128.5,0.2,0.0,0.3,1.8,0.3,0.0,0.0,Center
201,221,Brock Boeser,8478444,202,2019,0.7,0.6,3.0,0.3,0.0,799.7,298.5,0.3,0.3,0.5,0.3,0.9,0.0,0.0,Right Wing
202,67,Adam Henrique,8474641,202,2019,0.7,0.1,1.8,0.4,0.6,882.9,129.0,0.0,0.0,0.6,0.5,1.2,0.0,0.0,Center
203,232,Adam Gaudette,8478874,202,2019,0.0,0.1,0.7,0.7,0.3,713.3,59.8,0.0,0.1,0.3,0.2,-0.4,0.0,0.0,Center
204,65,Michael Del Zotto,8474584,202,2019,0.1,0.2,0.7,1.9,1.2,1018.5,54.7,0.0,0.0,0.2,0.4,0.4,0.0,0.0,Defenseman
205,102,Cam Fowler,8475764,202,2019,0.2,0.4,1.8,0.5,1.1,1051.6,161.2,0.0,0.1,0.2,0.3,0.3,0.0,0.0,Defenseman
206,137,Tanner Pearson,8476871,202,2019,0.1,0.3,2.4,1.4,0.8,793.8,96.5,0.0,0.1,1.0,0.4,-0.2,0.0,0.0,Left Wing
207,242,Troy Stecher,8479442,202,2019,0.1,0.1,1.0,1.4,1.1,805.2,8.2,0.0,0.0,0.1,0.3,0.5,0.0,0.0,Defenseman
208,180,Bo Horvat,8477500,202,2019,0.6,0.5,3.6,0.3,0.9,876.4,288.6,0.4,0.2,0.4,0.3,0.2,0.0,0.0,Center
209,88,Nicolas Deslauriers,8475235,202,2019,0.0,0.3,1.0,2.5,0.3,623.9,0.7,0.0,0.0,0.1,0.0,-0.4,0.0,0.0,Left Wing
210,36,Korbinian Holzer,8473560,202,2019,0.0,0.0,1.0,2.0,2.2,938.3,1.5,0.0,0.0,0.2,0.5,-0.1,0.0,0.0,Defenseman
211,158,Carter Rowney,8477240,202,2019,0.4,0.0,0.7,2.5,0.4,568.9,0.5,0.0,0.0,0.3,0.2,-0.4,0.1,0.0,Center
212,78,Jakob Silfverberg,8475164,202,2019,0.5,0.4,1.8,0.5,0.5,872.1,126.4,0.0,0.0,0.6,0.3,1.0,0.1,0.0,Right Wing
213,72,Jordie Benn,8474818,202,2019,0.0,0.2,1.1,0.9,1.2,872.6,8.0,0.0,0.0,0.1,0.6,0.6,0.0,0.0,Defenseman
214,245,Elias Pettersson,8480012,202,2019,0.4,1.4,2.4,0.6,0.4,789.3,283.7,0.1,0.6,0.7,0.3,0.9,0.0,0.0,Center
215,48,Brandon Sutter,8474091,202,2019,0.3,0.3,2.1,0.0,0.6,678.9,70.0,0.0,0.0,0.4,0.2,0.3,0.0,0.0,Center
216,197,Nick Ritchie,8477941,202,2019,0.0,0.5,2.2,2.0,0.5,751.4,100.2,0.0,0.1,0.3,0.2,-0.2,0.0,0.0,Left Wing
217,56,Jay Beagle,8474291,202,2019,0.1,0.2,1.5,1.0,0.4,567.5,10.3,0.0,0.0,0.4,0.2,0.1,0.1,0.1,Center
218,95,Christopher Tanev,8475690,202,2019,0.1,0.3,1.0,0.5,2.7,970.3,13.2,0.0,0.0,0.4,0.9,0.7,0.0,0.1,Defenseman
219,61,Tyler Myers,8474574,202,2019,0.0,0.2,2.0,0.9,1.0,1047.9,92.2,0.0,0.0,1.1,0.4,0.2,0.0,0.0,Defenseman
220,136,Hampus Lindholm,8476854,202,2019,0.0,0.7,1.6,0.3,1.0,994.2,73.5,0.0,0.1,0.3,1.0,0.3,0.0,0.2,Defenseman
221,195,Jake Virtanen,8477937,202,2019,0.3,0.2,1.5,1.1,0.8,698.9,11.7,0.0,0.0,0.3,0.2,0.3,0.0,0.0,Right Wing
222,11,Loui Eriksson,8470626,202,2019,0.0,0.2,0.9,0.0,0.2,706.9,0.7,0.0,0.0,0.3,0.0,-0.3,0.0,0.0,Left Wing
223,93,Brenden Dillon,8475455,203,2019,0.0,0.0,1.5,3.3,1.1,1113.0,3.9,0.0,0.0,0.1,0.7,-0.3,0.0,0.0,Defenseman
224,79,Evander Kane,8475169,203,2019,0.7,0.3,3.9,2.4,0.4,881.8,176.2,0.6,0.1,0.7,0.7,-0.8,0.0,0.0,Left Wing
225,89,Gabriel Bourque,8475268,203,2019,0.0,0.0,0.8,3.1,0.7,532.0,4.6,0.0,0.0,0.0,0.4,-0.1,0.0,0.0,Left Wing
226,9,Brent Burns,8470613,203,2019,0.3,0.9,2.4,1.2,1.3,1224.3,135.9,0.1,0.5,0.7,1.4,-0.6,0.0,0.0,Defenseman
227,250,Neal Pionk,8480145,203,2019,0.1,0.5,1.7,2.3,1.3,1070.3,185.8,0.0,0.2,0.1,1.2,0.6,0.0,0.0,Defenseman
228,1,Patrick Marleau,8466139,203,2019,0.2,0.4,1.7,1.4,0.5,872.5,82.2,0.1,0.0,0.3,0.1,0.4,0.0,0.0,Center
229,82,Dmitry Kulikov,8475179,203,2019,0.0,0.1,1.6,2.1,1.3,1053.6,7.4,0.0,0.0,0.3,1.4,-0.2,0.0,0.0,Defenseman
230,111,Tim Heed,8475841,203,2019,0.0,0.0,0.9,0.6,0.2,539.4,27.3,0.0,0.0,0.2,0.6,-0.3,0.0,0.0,Defenseman
231,166,Andrew Copp,8477429,203,2019,0.1,0.1,1.6,1.2,0.2,866.8,64.3,0.0,0.0,0.6,0.5,-0.3,0.0,0.0,Center
232,182,Josh Morrissey,8477504,203,2019,0.1,0.6,2.9,0.9,0.7,1199.5,211.7,0.1,0.3,0.1,1.1,-0.8,0.0,0.0,Defenseman
233,38,Mathieu Perreault,8473618,203,2019,0.1,0.0,1.4,1.3,0.3,685.3,119.3,0.0,0.0,0.1,0.3,-0.4,0.0,0.0,Left Wing
234,161,Tucker Poolman,8477359,203,2019,0.1,0.1,1.3,0.9,0.5,946.4,0.8,0.0,0.0,0.2,0.5,-0.4,0.0,0.0,Defenseman
235,45,Logan Couture,8474053,203,2019,0.0,0.8,1.7,0.7,0.9,816.7,162.1,0.0,0.5,0.6,0.3,-0.4,0.0,0.1,Center
236,191,Melker Karlsson,8477922,203,2019,0.1,0.1,0.9,0.9,0.5,594.7,2.4,0.0,0.0,0.4,0.0,-0.2,0.0,0.0,Center
237,27,Bryan Little,8473412,203,2019,0.2,0.2,1.4,0.8,0.5,797.3,88.8,0.0,0.0,0.4,0.2,0.0,0.0,0.0,Center
238,196,Nikolaj Ehlers,8477940,203,2019,0.6,0.3,2.9,0.3,0.6,930.8,117.7,0.2,0.0,0.5,0.1,0.0,0.0,0.0,Left Wing
239,140,Tomas Hertl,8476881,203,2019,0.3,0.8,2.0,0.4,0.6,845.3,163.1,0.1,0.4,0.2,0.4,-0.7,0.1,0.0,Center
240,62,Erik Karlsson,8474578,203,2019,0.1,0.7,1.7,0.8,1.4,1177.8,138.8,0.0,0.4,0.7,2.0,-0.7,0.0,0.0,Defenseman
241,134,Barclay Goodrow,8476624,203,2019,0.2,0.0,1.1,1.3,1.0,718.1,5.9,0.0,0.0,0.7,0.3,-0.5,0.0,0.0,Center
242,63,Luca Sbisa,8474579,203,2019,0.0,0.1,0.6,2.0,0.7,818.0,0.3,0.0,0.0,0.1,0.3,0.0,0.0,0.0,Defenseman
243,22,Marc-Edouard Vlasic,8471709,203,2019,0.1,0.0,0.8,0.4,1.3,1052.3,13.4,0.0,0.0,0.4,0.8,-0.6,0.0,0.0,Defenseman
244,210,Kevin Labanc,8478099,203,2019,0.5,0.2,2.2,0.6,0.2,777.5,154.6,0.1,0.1,0.6,0.4,-0.6,0.0,0.0,Right Wing
245,212,Kyle Connor,8478398,203,2019,0.3,0.2,4.1,0.5,0.0,874.5,251.2,0.1,0.0,0.6,0.3,-0.5,0.0,0.0,Left Wing
246,127,Mark Scheifele,8476460,203,2019,0.3,0.7,2.3,0.6,0.5,1030.3,268.7,0.2,0.2,0.6,0.5,-0.6,0.0,0.0,Center
247,217,Timo Meier,8478414,203,2019,0.2,0.2,2.9,1.6,0.7,895.1,86.9,0.1,0.0,0.5,0.5,-0.5,0.0,0.0,Right Wing
248,119,Logan Shaw,8476400,203,2019,0.0,0.3,1.4,1.9,0.7,719.0,2.0,0.0,0.0,0.7,0.1,-0.1,0.0,0.0,Right Wing
249,14,Blake Wheeler,8471218,203,2019,0.2,0.2,2.9,1.8,0.8,958.8,264.3,0.0,0.0,1.0,0.8,-0.8,0.0,0.0,Right Wing
250,224,Jack Roslovic,8478458,203,2019,0.1,0.3,2.0,1.0,0.1,754.0,122.8,0.0,0.1,0.4,0.8,0.1,0.0,0.0,Center
251,112,Anthony Bitetto,8475868,203,2019,0.0,0.1,1.4,2.3,0.9,785.8,8.0,0.0,0.0,0.3,0.5,-0.2,0.0,0.0,Defenseman
252,110,Marcus Sorensen,8475834,203,2019,0.2,0.1,0.9,1.2,0.2,615.0,34.1,0.0,0.0,0.2,0.1,-0.3,0.0,0.0,Left Wing
253,0,Joe Thornton,8466138,203,2019,0.0,0.3,0.9,0.2,0.2,751.5,88.4,0.0,0.1,0.9,0.5,-0.2,0.0,0.0,Center
